"","Predator","Prey"
"1","Accipiter gentilis","Accipiter striatus"
"2","Accipiter gentilis","Actitis macularius"
"3","Accipiter gentilis","Aegolius funereus"
"4","Accipiter gentilis","Anas platyrhynchos"
"5","Accipiter gentilis","Anas rubripes"
"6","Accipiter gentilis","Asio flammeus"
"7","Accipiter gentilis","Asio otus"
"8","Accipiter gentilis","Bonasa umbellus"
"9","Accipiter gentilis","Spinus pinus"
"10","Accipiter gentilis","Catharus ustulatus"
"11","Accipiter gentilis","Colaptes auratus"
"12","Accipiter gentilis","Corvus brachyrhynchos"
"13","Accipiter gentilis","Setophaga coronata"
"14","Accipiter gentilis","Dryobates pubescens"
"15","Accipiter gentilis","Falcipennis canadensis"
"16","Accipiter gentilis","Falco sparverius"
"17","Accipiter gentilis","Gallinago delicata"
"18","Accipiter gentilis","Glaucomys sabrinus"
"19","Accipiter gentilis","Lagopus lagopus"
"20","Accipiter gentilis","Lagopus muta"
"21","Accipiter gentilis","Lanius excubitor"
"22","Accipiter gentilis","Lepus americanus"
"23","Accipiter gentilis","Leuconotopicus villosus"
"24","Accipiter gentilis","Melospiza melodia"
"25","Accipiter gentilis","Myodes gapperi"
"26","Accipiter gentilis","Passer domesticus"
"27","Accipiter gentilis","Perisoreus canadensis"
"28","Accipiter gentilis","Picoides arcticus"
"29","Accipiter gentilis","Picoides tridactylus"
"30","Accipiter gentilis","Setophaga ruticilla"
"31","Accipiter gentilis","Spizelloides arborea"
"32","Accipiter gentilis","Strix nebulosa"
"33","Accipiter gentilis","Strix varia"
"34","Accipiter gentilis","Sturnella magna"
"35","Accipiter gentilis","Tamias striatus"
"36","Accipiter gentilis","Tamiasciurus hudsonicus"
"37","Accipiter gentilis","Turdus migratorius"
"38","Accipiter gentilis","Tympanuchus phasianellus"
"39","Accipiter striatus","Actitis macularius"
"40","Accipiter striatus","Bombycilla cedrorum"
"41","Accipiter striatus","Bonasa umbellus"
"42","Accipiter striatus","Spinus pinus"
"43","Accipiter striatus","Haemorhous purpureus"
"44","Accipiter striatus","Catharus guttatus"
"45","Accipiter striatus","Catharus minimus"
"46","Accipiter striatus","Catharus ustulatus"
"47","Accipiter striatus","Certhia americana"
"48","Accipiter striatus","Colaptes auratus"
"49","Accipiter striatus","Setophaga coronata"
"50","Accipiter striatus","Setophaga petechia"
"51","Accipiter striatus","Setophaga striata"
"52","Accipiter striatus","Setophaga virens"
"53","Accipiter striatus","Dryobates pubescens"
"54","Accipiter striatus","Falcipennis canadensis"
"55","Accipiter striatus","Junco hyemalis"
"56","Accipiter striatus","Leuconotopicus villosus"
"57","Accipiter striatus","Loxia curvirostra"
"58","Accipiter striatus","Melospiza lincolnii"
"59","Accipiter striatus","Melospiza melodia"
"60","Accipiter striatus","Poecile atricapillus"
"61","Accipiter striatus","Passer domesticus"
"62","Accipiter striatus","Passerculus sandwichensis"
"63","Accipiter striatus","Passerella iliaca"
"64","Accipiter striatus","Petrochelidon pyrrhonota"
"65","Accipiter striatus","Plectrophenax nivalis"
"66","Accipiter striatus","Regulus calendula"
"67","Accipiter striatus","Regulus satrapa"
"68","Accipiter striatus","Seiurus aurocapilla"
"69","Accipiter striatus","Setophaga ruticilla"
"70","Accipiter striatus","Sitta canadensis"
"71","Accipiter striatus","Spizelloides arborea"
"72","Accipiter striatus","Sturnus vulgaris"
"73","Accipiter striatus","Tachycineta bicolor"
"74","Accipiter striatus","Tamias striatus"
"75","Accipiter striatus","Tamiasciurus hudsonicus"
"76","Accipiter striatus","Troglodytes troglodytes"
"77","Accipiter striatus","Turdus migratorius"
"78","Accipiter striatus","Leiothlypis celata"
"79","Accipiter striatus","Vireo olivaceus"
"80","Accipiter striatus","Zonotrichia albicollis"
"81","Accipiter striatus","Zonotrichia leucophrys"
"82","Aegolius funereus","Actitis macularius"
"83","Aegolius funereus","Acanthis flammea"
"84","Aegolius funereus","Setophaga coronata"
"85","Aegolius funereus","Glaucomys sabrinus"
"86","Aegolius funereus","Junco hyemalis"
"87","Aegolius funereus","Lepus americanus"
"88","Aegolius funereus","Loxia curvirostra"
"89","Aegolius funereus","Microtus chrotorrhinus"
"90","Aegolius funereus","Microtus pennsylvanicus"
"91","Aegolius funereus","Myodes gapperi"
"92","Aegolius funereus","Poecile atricapillus"
"93","Aegolius funereus","Poecile hudsonicus"
"94","Aegolius funereus","Passerella iliaca"
"95","Aegolius funereus","Peromyscus maniculatus"
"96","Aegolius funereus","Phenacomys ungava"
"97","Aegolius funereus","Synaptomys borealis"
"98","Aegolius funereus","Tamias striatus"
"99","Aegolius funereus","Turdus migratorius"
"100","Aegolius funereus","Cardellina pusilla"
"101","Aegolius funereus","Zapus hudsonius"
"102","Aquila chrysaetos","Accipiter gentilis"
"103","Aquila chrysaetos","Anas acuta"
"104","Aquila chrysaetos","Anas crecca"
"105","Aquila chrysaetos","Anas rubripes"
"106","Aquila chrysaetos","Ardea herodias"
"107","Aquila chrysaetos","Asio flammeus"
"108","Aquila chrysaetos","Branta canadensis"
"109","Aquila chrysaetos","Branta hutchinsii"
"110","Aquila chrysaetos","Bucephala clangula"
"111","Aquila chrysaetos","Buteo lagopus"
"112","Aquila chrysaetos","Clangula hyemalis"
"113","Aquila chrysaetos","Corvus corax"
"114","Aquila chrysaetos","Cygnus columbianus"
"115","Aquila chrysaetos","Dicrostonyx hudsonius"
"116","Aquila chrysaetos","Falcipennis canadensis"
"117","Aquila chrysaetos","Falco columbarius"
"118","Aquila chrysaetos","Falco peregrinus"
"119","Aquila chrysaetos","Gavia immer"
"120","Aquila chrysaetos","Gavia stellata"
"121","Aquila chrysaetos","Lagopus lagopus"
"122","Aquila chrysaetos","Lagopus muta"
"123","Aquila chrysaetos","Larus hyperboreus"
"124","Aquila chrysaetos","Larus smithsonianus"
"125","Aquila chrysaetos","Lepus americanus"
"126","Aquila chrysaetos","Lepus arcticus"
"127","Aquila chrysaetos","Marmota monax"
"128","Aquila chrysaetos","Martes americana"
"129","Aquila chrysaetos","Mergus merganser"
"130","Aquila chrysaetos","Mergus serrator"
"131","Aquila chrysaetos","Microtus pennsylvanicus"
"132","Aquila chrysaetos","Myodes gapperi"
"133","Aquila chrysaetos","Ondatra zibethicus"
"134","Aquila chrysaetos","Surnia ulula"
"135","Aquila chrysaetos","Vulpes vulpes"
"136","Ardea herodias","Microtus pennsylvanicus"
"137","Ardea herodias","Petrochelidon pyrrhonota"
"138","Asio flammeus","Anthus rubescens"
"139","Asio flammeus","Calidris minutilla"
"140","Asio flammeus","Calidris pusilla"
"141","Asio flammeus","Coturnicops noveboracensis"
"142","Asio flammeus","Setophaga coronata"
"143","Asio flammeus","Dicrostonyx hudsonius"
"144","Asio flammeus","Dolichonyx oryzivorus"
"145","Asio flammeus","Lagopus lagopus"
"146","Asio flammeus","Lepus americanus"
"147","Asio flammeus","Lepus arcticus"
"148","Asio flammeus","Melospiza melodia"
"149","Asio flammeus","Microtus pennsylvanicus"
"150","Asio flammeus","Passerculus sandwichensis"
"151","Asio flammeus","Peromyscus maniculatus"
"152","Asio flammeus","Phenacomys ungava"
"153","Asio flammeus","Porzana carolina"
"154","Asio flammeus","Sorex cinereus"
"155","Asio flammeus","Sterna hirundo"
"156","Asio flammeus","Synaptomys borealis"
"157","Asio flammeus","Zapus hudsonius"
"158","Asio flammeus","Zonotrichia albicollis"
"159","Asio otus","Agelaius phoeniceus"
"160","Asio otus","Bonasa umbellus"
"161","Asio otus","Condylura cristata"
"162","Asio otus","Eremophila alpestris"
"163","Asio otus","Aeorestes cinereus"
"164","Asio otus","Microtus pennsylvanicus"
"165","Asio otus","Mus musculus"
"166","Asio otus","Myotis lucifugus"
"167","Asio otus","Passer domesticus"
"168","Asio otus","Peromyscus maniculatus"
"169","Asio otus","Sorex cinereus"
"170","Asio otus","Sturnus vulgaris"
"171","Asio otus","Synaptomys cooperi"
"172","Asio otus","Tamiasciurus hudsonicus"
"173","Asio otus","Tympanuchus phasianellus"
"174","Asio otus","Zapus hudsonius"
"175","Botaurus lentiginosus","Microtus pennsylvanicus"
"176","Bubo scandiacus","Dicrostonyx hudsonius"
"177","Bubo scandiacus","Lagopus lagopus"
"178","Bubo scandiacus","Lagopus muta"
"179","Bubo scandiacus","Lepus arcticus"
"180","Bubo scandiacus","Microtus pennsylvanicus"
"181","Bubo scandiacus","Myodes gapperi"
"182","Bubo scandiacus","Passer domesticus"
"183","Bubo scandiacus","Phenacomys ungava"
"184","Bubo scandiacus","Plectrophenax nivalis"
"185","Bubo scandiacus","Uria lomvia"
"186","Bubo virginianus","Accipiter gentilis"
"187","Bubo virginianus","Agelaius phoeniceus"
"188","Bubo virginianus","Anas acuta"
"189","Bubo virginianus","Anas platyrhynchos"
"190","Bubo virginianus","Anas rubripes"
"191","Bubo virginianus","Asio flammeus"
"192","Bubo virginianus","Asio otus"
"193","Bubo virginianus","Bonasa umbellus"
"194","Bubo virginianus","Buteo jamaicensis"
"195","Bubo virginianus","Buteo lagopus"
"196","Bubo virginianus","Buteo platypterus"
"197","Bubo virginianus","Charadrius vociferus"
"198","Bubo virginianus","Colaptes auratus"
"199","Bubo virginianus","Condylura cristata"
"200","Bubo virginianus","Corvus brachyrhynchos"
"201","Bubo virginianus","Erethizon dorsatus"
"202","Bubo virginianus","Falcipennis canadensis"
"203","Bubo virginianus","Falco columbarius"
"204","Bubo virginianus","Falco peregrinus"
"205","Bubo virginianus","Gallinago delicata"
"206","Bubo virginianus","Glaucomys sabrinus"
"207","Bubo virginianus","Histrionicus histrionicus"
"208","Bubo virginianus","Lagopus lagopus"
"209","Bubo virginianus","Larus delawarensis"
"210","Bubo virginianus","Lepus americanus"
"211","Bubo virginianus","Leuconotopicus villosus"
"212","Bubo virginianus","Marmota monax"
"213","Bubo virginianus","Mephitis mephitis"
"214","Bubo virginianus","Mergus serrator"
"215","Bubo virginianus","Microtus chrotorrhinus"
"216","Bubo virginianus","Microtus pennsylvanicus"
"217","Bubo virginianus","Mus musculus"
"218","Bubo virginianus","Napaeozapus insignis"
"219","Bubo virginianus","Ondatra zibethicus"
"220","Bubo virginianus","Pandion haliaetus"
"221","Bubo virginianus","Peromyscus maniculatus"
"222","Bubo virginianus","Petrochelidon pyrrhonota"
"223","Bubo virginianus","Porzana carolina"
"224","Bubo virginianus","Sorex arcticus"
"225","Bubo virginianus","Sterna hirundo"
"226","Bubo virginianus","Sterna paradisaea"
"227","Bubo virginianus","Strix nebulosa"
"228","Bubo virginianus","Strix varia"
"229","Bubo virginianus","Sturnus vulgaris"
"230","Bubo virginianus","Surnia ulula"
"231","Bubo virginianus","Synaptomys cooperi"
"232","Bubo virginianus","Tachycineta bicolor"
"233","Bubo virginianus","Tamias striatus"
"234","Bubo virginianus","Tamiasciurus hudsonicus"
"235","Bubo virginianus","Turdus migratorius"
"236","Bubo virginianus","Tympanuchus phasianellus"
"237","Bubo virginianus","Zapus hudsonius"
"238","Buteo jamaicensis","Aegolius funereus"
"239","Buteo jamaicensis","Anas platyrhynchos"
"240","Buteo jamaicensis","Bonasa umbellus"
"241","Buteo jamaicensis","Catharus guttatus"
"242","Buteo jamaicensis","Charadrius vociferus"
"243","Buteo jamaicensis","Colaptes auratus"
"244","Buteo jamaicensis","Condylura cristata"
"245","Buteo jamaicensis","Corvus brachyrhynchos"
"246","Buteo jamaicensis","Eremophila alpestris"
"247","Buteo jamaicensis","Falco columbarius"
"248","Buteo jamaicensis","Glaucomys sabrinus"
"249","Buteo jamaicensis","Lepus americanus"
"250","Buteo jamaicensis","Melospiza melodia"
"251","Buteo jamaicensis","Microtus pennsylvanicus"
"252","Buteo jamaicensis","Mus musculus"
"253","Buteo jamaicensis","Myodes gapperi"
"254","Buteo jamaicensis","Napaeozapus insignis"
"255","Buteo jamaicensis","Ondatra zibethicus"
"256","Buteo jamaicensis","Passer domesticus"
"257","Buteo jamaicensis","Peromyscus maniculatus"
"258","Buteo jamaicensis","Pooecetes gramineus"
"259","Buteo jamaicensis","Spizelloides arborea"
"260","Buteo jamaicensis","Sturnella magna"
"261","Buteo jamaicensis","Sturnus vulgaris"
"262","Buteo jamaicensis","Synaptomys cooperi"
"263","Buteo jamaicensis","Tamias striatus"
"264","Buteo jamaicensis","Tamiasciurus hudsonicus"
"265","Buteo jamaicensis","Troglodytes troglodytes"
"266","Buteo jamaicensis","Tympanuchus phasianellus"
"267","Buteo jamaicensis","Tyrannus tyrannus"
"268","Buteo jamaicensis","Zapus hudsonius"
"269","Buteo lagopus","Anas acuta"
"270","Buteo lagopus","Asio flammeus"
"271","Buteo lagopus","Aythya marila"
"272","Buteo lagopus","Calcarius lapponicus"
"273","Buteo lagopus","Calidris pusilla"
"274","Buteo lagopus","Charadrius semipalmatus"
"275","Buteo lagopus","Dicrostonyx hudsonius"
"276","Buteo lagopus","Histrionicus histrionicus"
"277","Buteo lagopus","Lagopus lagopus"
"278","Buteo lagopus","Lagopus muta"
"279","Buteo lagopus","Aeorestes cinereus"
"280","Buteo lagopus","Lepus americanus"
"281","Buteo lagopus","Lepus arcticus"
"282","Buteo lagopus","Microtus pennsylvanicus"
"283","Buteo lagopus","Mustela erminea"
"284","Buteo lagopus","Mustela nivalis"
"285","Buteo lagopus","Myodes gapperi"
"286","Buteo lagopus","Passerculus sandwichensis"
"287","Buteo lagopus","Passerella iliaca"
"288","Buteo lagopus","Peromyscus maniculatus"
"289","Buteo lagopus","Phalaropus lobatus"
"290","Buteo lagopus","Phenacomys ungava"
"291","Buteo lagopus","Plectrophenax nivalis"
"292","Buteo lagopus","Spizelloides arborea"
"293","Buteo lagopus","Surnia ulula"
"294","Buteo lagopus","Synaptomys borealis"
"295","Buteo lagopus","Turdus migratorius"
"296","Buteo lagopus","Uria lomvia"
"297","Buteo lagopus","Zonotrichia leucophrys"
"298","Buteo platypterus","Bombycilla cedrorum"
"299","Buteo platypterus","Bonasa umbellus"
"300","Buteo platypterus","Charadrius vociferus"
"301","Buteo platypterus","Colaptes auratus"
"302","Buteo platypterus","Condylura cristata"
"303","Buteo platypterus","Junco hyemalis"
"304","Buteo platypterus","Lepus americanus"
"305","Buteo platypterus","Microtus pennsylvanicus"
"306","Buteo platypterus","Myodes gapperi"
"307","Buteo platypterus","Napaeozapus insignis"
"308","Buteo platypterus","Passerella iliaca"
"309","Buteo platypterus","Peromyscus maniculatus"
"310","Buteo platypterus","Seiurus aurocapilla"
"311","Buteo platypterus","Setophaga ruticilla"
"312","Buteo platypterus","Sorex cinereus"
"313","Buteo platypterus","Synaptomys cooperi"
"314","Buteo platypterus","Tamias striatus"
"315","Buteo platypterus","Leiothlypis celata"
"316","Buteo platypterus","Leiothlypis peregrina"
"317","Buteo platypterus","Leiothlypis ruficapilla"
"318","Buteo platypterus","Cardellina canadensis"
"319","Buteo platypterus","Cardellina pusilla"
"320","Buteo platypterus","Zapus hudsonius"
"321","Buteo platypterus","Zonotrichia albicollis"
"322","Canis latrans","Alces alces"
"323","Canis latrans","Anas acuta"
"324","Canis latrans","Anas platyrhynchos"
"325","Canis latrans","Anas rubripes"
"326","Canis latrans","Aythya affinis"
"327","Canis latrans","Bonasa umbellus"
"328","Canis latrans","Castor canadensis"
"329","Canis latrans","Charadrius vociferus"
"330","Canis latrans","Erethizon dorsatus"
"331","Canis latrans","Falcipennis canadensis"
"332","Canis latrans","Larus delawarensis"
"333","Canis latrans","Lepus americanus"
"334","Canis latrans","Marmota monax"
"335","Canis latrans","Martes americana"
"336","Canis latrans","Mephitis mephitis"
"337","Canis latrans","Microtus pennsylvanicus"
"338","Canis latrans","Mus musculus"
"339","Canis latrans","Myodes gapperi"
"340","Canis latrans","Mustela vison"
"341","Canis latrans","Odocoileus virginianus"
"342","Canis latrans","Ondatra zibethicus"
"343","Canis latrans","Peromyscus maniculatus"
"344","Canis latrans","Phalacrocorax auritus"
"345","Canis latrans","Tamiasciurus hudsonicus"
"346","Canis latrans","Tympanuchus phasianellus"
"347","Canis latrans","Zapus hudsonius"
"348","Canis lupus","Alces alces"
"349","Canis lupus","Buteo lagopus"
"350","Canis lupus","Canis latrans"
"351","Canis lupus","Castor canadensis"
"352","Canis lupus","Dicrostonyx hudsonius"
"353","Canis lupus","Erethizon dorsatus"
"354","Canis lupus","Lagopus lagopus"
"355","Canis lupus","Lepus americanus"
"356","Canis lupus","Lepus arcticus"
"357","Canis lupus","Lynx canadensis"
"358","Canis lupus","Mephitis mephitis"
"359","Canis lupus","Odocoileus virginianus"
"360","Canis lupus","Ovibos moschatus"
"361","Canis lupus","Peromyscus maniculatus"
"362","Canis lupus","Rangifer tarandus"
"363","Canis lupus","Ursus americanus"
"364","Canis lupus","Vulpes vulpes"
"365","Circus cyaneus","Agelaius phoeniceus"
"366","Circus cyaneus","Anas acuta"
"367","Circus cyaneus","Anas crecca"
"368","Circus cyaneus","Botaurus lentiginosus"
"369","Circus cyaneus","Charadrius vociferus"
"370","Circus cyaneus","Clangula hyemalis"
"371","Circus cyaneus","Colaptes auratus"
"372","Circus cyaneus","Setophaga petechia"
"373","Circus cyaneus","Dolichonyx oryzivorus"
"374","Circus cyaneus","Eremophila alpestris"
"375","Circus cyaneus","Falcipennis canadensis"
"376","Circus cyaneus","Gallinago delicata"
"377","Circus cyaneus","Geothlypis trichas"
"378","Circus cyaneus","Lagopus lagopus"
"379","Circus cyaneus","Lepus americanus"
"380","Circus cyaneus","Loxia curvirostra"
"381","Circus cyaneus","Anas americana"
"382","Circus cyaneus","Megaceryle alcyon"
"383","Circus cyaneus","Melospiza georgiana"
"384","Circus cyaneus","Melospiza melodia"
"385","Circus cyaneus","Microtus pennsylvanicus"
"386","Circus cyaneus","Mus musculus"
"387","Circus cyaneus","Myodes gapperi"
"388","Circus cyaneus","Ondatra zibethicus"
"389","Circus cyaneus","Passer domesticus"
"390","Circus cyaneus","Passerculus sandwichensis"
"391","Circus cyaneus","Peromyscus maniculatus"
"392","Circus cyaneus","Pooecetes gramineus"
"393","Circus cyaneus","Porzana carolina"
"394","Circus cyaneus","Sorex palustris"
"395","Circus cyaneus","Spizelloides arborea"
"396","Circus cyaneus","Sturnus vulgaris"
"397","Circus cyaneus","Tamias striatus"
"398","Circus cyaneus","Tamiasciurus hudsonicus"
"399","Circus cyaneus","Turdus migratorius"
"400","Circus cyaneus","Tympanuchus phasianellus"
"401","Circus cyaneus","Tyrannus tyrannus"
"402","Circus cyaneus","Zapus hudsonius"
"403","Corvus brachyrhynchos","Actitis macularius"
"404","Corvus brachyrhynchos","Anas crecca"
"405","Corvus brachyrhynchos","Anas platyrhynchos"
"406","Corvus brachyrhynchos","Anas rubripes"
"407","Corvus brachyrhynchos","Ardea herodias"
"408","Corvus brachyrhynchos","Aythya affinis"
"409","Corvus brachyrhynchos","Aythya collaris"
"410","Corvus brachyrhynchos","Bonasa umbellus"
"411","Corvus brachyrhynchos","Branta canadensis"
"412","Corvus brachyrhynchos","Branta hutchinsii"
"413","Corvus brachyrhynchos","Buteo jamaicensis"
"414","Corvus brachyrhynchos","Buteo platypterus"
"415","Corvus brachyrhynchos","Calidris minutilla"
"416","Corvus brachyrhynchos","Acanthis flammea"
"417","Corvus brachyrhynchos","Charadrius vociferus"
"418","Corvus brachyrhynchos","Colaptes auratus"
"419","Corvus brachyrhynchos","Setophaga petechia"
"420","Corvus brachyrhynchos","Dolichonyx oryzivorus"
"421","Corvus brachyrhynchos","Empidonax minimus"
"422","Corvus brachyrhynchos","Eremophila alpestris"
"423","Corvus brachyrhynchos","Gavia immer"
"424","Corvus brachyrhynchos","Larus delawarensis"
"425","Corvus brachyrhynchos","Anas americana"
"426","Corvus brachyrhynchos","Melanitta perspicillata"
"427","Corvus brachyrhynchos","Microtus pennsylvanicus"
"428","Corvus brachyrhynchos","Passer domesticus"
"429","Corvus brachyrhynchos","Passerculus sandwichensis"
"430","Corvus brachyrhynchos","Peromyscus maniculatus"
"431","Corvus brachyrhynchos","Phalacrocorax auritus"
"432","Corvus brachyrhynchos","Pooecetes gramineus"
"433","Corvus brachyrhynchos","Setophaga ruticilla"
"434","Corvus brachyrhynchos","Somateria mollissima"
"435","Corvus brachyrhynchos","Sterna paradisaea"
"436","Corvus brachyrhynchos","Sturnus vulgaris"
"437","Corvus brachyrhynchos","Synaptomys cooperi"
"438","Corvus brachyrhynchos","Tachycineta bicolor"
"439","Corvus brachyrhynchos","Tringa melanoleuca"
"440","Corvus brachyrhynchos","Turdus migratorius"
"441","Corvus brachyrhynchos","Tympanuchus phasianellus"
"442","Corvus brachyrhynchos","Tyrannus tyrannus"
"443","Corvus brachyrhynchos","Vireo olivaceus"
"444","Corvus brachyrhynchos","Vireo solitarius"
"445","Corvus brachyrhynchos","Zonotrichia leucophrys"
"446","Corvus corax","Anas acuta"
"447","Corvus corax","Anas platyrhynchos"
"448","Corvus corax","Chen caerulescens"
"449","Corvus corax","Anthus rubescens"
"450","Corvus corax","Ardea herodias"
"451","Corvus corax","Asio flammeus"
"452","Corvus corax","Aythya affinis"
"453","Corvus corax","Aythya collaris"
"454","Corvus corax","Aythya marila"
"455","Corvus corax","Bonasa umbellus"
"456","Corvus corax","Buteo jamaicensis"
"457","Corvus corax","Calcarius lapponicus"
"458","Corvus corax","Calidris minutilla"
"459","Corvus corax","Acanthis flammea"
"460","Corvus corax","Charadrius semipalmatus"
"461","Corvus corax","Charadrius vociferus"
"462","Corvus corax","Cygnus columbianus"
"463","Corvus corax","Gavia immer"
"464","Corvus corax","Haliaeetus leucocephalus"
"465","Corvus corax","Histrionicus histrionicus"
"466","Corvus corax","Lagopus lagopus"
"467","Corvus corax","Lagopus muta"
"468","Corvus corax","Larus delawarensis"
"469","Corvus corax","Larus hyperboreus"
"470","Corvus corax","Melanitta nigra"
"471","Corvus corax","Melanitta perspicillata"
"472","Corvus corax","Mergus serrator"
"473","Corvus corax","Microtus pennsylvanicus"
"474","Corvus corax","Mus musculus"
"475","Corvus corax","Ondatra zibethicus"
"476","Corvus corax","Passerculus sandwichensis"
"477","Corvus corax","Phalacrocorax auritus"
"478","Corvus corax","Pooecetes gramineus"
"479","Corvus corax","Setophaga ruticilla"
"480","Corvus corax","Somateria mollissima"
"481","Corvus corax","Sterna paradisaea"
"482","Corvus corax","Tamias striatus"
"483","Corvus corax","Turdus migratorius"
"484","Corvus corax","Tympanuchus phasianellus"
"485","Corvus corax","Uria lomvia"
"486","Corvus corax","Vireo olivaceus"
"487","Corvus corax","Zonotrichia leucophrys"
"488","Erethizon dorsatus","Asio otus"
"489","Erethizon dorsatus","Buteo platypterus"
"490","Falco columbarius","Anthus rubescens"
"491","Falco columbarius","Bombycilla cedrorum"
"492","Falco columbarius","Calcarius lapponicus"
"493","Falco columbarius","Calidris pusilla"
"494","Falco columbarius","Acanthis flammea"
"495","Falco columbarius","Haemorhous purpureus"
"496","Falco columbarius","Catharus ustulatus"
"497","Falco columbarius","Charadrius vociferus"
"498","Falco columbarius","Corvus brachyrhynchos"
"499","Falco columbarius","Eremophila alpestris"
"500","Falco columbarius","Gallinago delicata"
"501","Falco columbarius","Geothlypis trichas"
"502","Falco columbarius","Junco hyemalis"
"503","Falco columbarius","Loxia curvirostra"
"504","Falco columbarius","Loxia leucoptera"
"505","Falco columbarius","Passer domesticus"
"506","Falco columbarius","Passerculus sandwichensis"
"507","Falco columbarius","Passerella iliaca"
"508","Falco columbarius","Perisoreus canadensis"
"509","Falco columbarius","Plectrophenax nivalis"
"510","Falco columbarius","Pooecetes gramineus"
"511","Falco columbarius","Regulus calendula"
"512","Falco columbarius","Sitta canadensis"
"513","Falco columbarius","Spizelloides arborea"
"514","Falco columbarius","Tachycineta bicolor"
"515","Falco columbarius","Turdus migratorius"
"516","Falco columbarius","Zonotrichia albicollis"
"517","Falco columbarius","Zonotrichia leucophrys"
"518","Falco peregrinus","Actitis macularius"
"519","Falco peregrinus","Agelaius phoeniceus"
"520","Falco peregrinus","Anas acuta"
"521","Falco peregrinus","Anas crecca"
"522","Falco peregrinus","Anas platyrhynchos"
"523","Falco peregrinus","Anas rubripes"
"524","Falco peregrinus","Anthus rubescens"
"525","Falco peregrinus","Asio flammeus"
"526","Falco peregrinus","Asio otus"
"527","Falco peregrinus","Aythya affinis"
"528","Falco peregrinus","Aythya collaris"
"529","Falco peregrinus","Bucephala albeola"
"530","Falco peregrinus","Calcarius lapponicus"
"531","Falco peregrinus","Calidris pusilla"
"532","Falco peregrinus","Acanthis flammea"
"533","Falco peregrinus","Catharus minimus"
"534","Falco peregrinus","Catharus ustulatus"
"535","Falco peregrinus","Charadrius semipalmatus"
"536","Falco peregrinus","Charadrius vociferus"
"537","Falco peregrinus","Colaptes auratus"
"538","Falco peregrinus","Dicrostonyx hudsonius"
"539","Falco peregrinus","Dolichonyx oryzivorus"
"540","Falco peregrinus","Eremophila alpestris"
"541","Falco peregrinus","Euphagus carolinus"
"542","Falco peregrinus","Falco columbarius"
"543","Falco peregrinus","Falco sparverius"
"544","Falco peregrinus","Gallinago delicata"
"545","Falco peregrinus","Lagopus lagopus"
"546","Falco peregrinus","Lagopus muta"
"547","Falco peregrinus","Lanius excubitor"
"548","Falco peregrinus","Larus hyperboreus"
"549","Falco peregrinus","Aeorestes cinereus"
"550","Falco peregrinus","Loxia curvirostra"
"551","Falco peregrinus","Loxia leucoptera"
"552","Falco peregrinus","Microtus pennsylvanicus"
"553","Falco peregrinus","Myodes gapperi"
"554","Falco peregrinus","Oenanthe oenanthe"
"555","Falco peregrinus","Passerculus sandwichensis"
"556","Falco peregrinus","Passerella iliaca"
"557","Falco peregrinus","Perisoreus canadensis"
"558","Falco peregrinus","Petrochelidon pyrrhonota"
"559","Falco peregrinus","Phalaropus fulicarius"
"560","Falco peregrinus","Phalaropus lobatus"
"561","Falco peregrinus","Pinicola enucleator"
"562","Falco peregrinus","Plectrophenax nivalis"
"563","Falco peregrinus","Porzana carolina"
"564","Falco peregrinus","Spizelloides arborea"
"565","Falco peregrinus","Stercorarius longicaudus"
"566","Falco peregrinus","Sterna hirundo"
"567","Falco peregrinus","Sterna paradisaea"
"568","Falco peregrinus","Sturnus vulgaris"
"569","Falco peregrinus","Surnia ulula"
"570","Falco peregrinus","Tachycineta bicolor"
"571","Falco peregrinus","Tringa solitaria"
"572","Falco peregrinus","Turdus migratorius"
"573","Falco peregrinus","Tympanuchus phasianellus"
"574","Falco peregrinus","Uria lomvia"
"575","Falco sparverius","Anthus rubescens"
"576","Falco sparverius","Spinus tristis"
"577","Falco sparverius","Haemorhous purpureus"
"578","Falco sparverius","Charadrius vociferus"
"579","Falco sparverius","Colaptes auratus"
"580","Falco sparverius","Setophaga coronata"
"581","Falco sparverius","Dryobates pubescens"
"582","Falco sparverius","Eremophila alpestris"
"583","Falco sparverius","Geothlypis trichas"
"584","Falco sparverius","Aeorestes cinereus"
"585","Falco sparverius","Loxia curvirostra"
"586","Falco sparverius","Microtus pennsylvanicus"
"587","Falco sparverius","Mus musculus"
"588","Falco sparverius","Passer domesticus"
"589","Falco sparverius","Passerculus sandwichensis"
"590","Falco sparverius","Peromyscus maniculatus"
"591","Falco sparverius","Petrochelidon pyrrhonota"
"592","Falco sparverius","Riparia riparia"
"593","Falco sparverius","Spizelloides arborea"
"594","Falco sparverius","Sturnella magna"
"595","Falco sparverius","Sturnus vulgaris"
"596","Falco sparverius","Tachycineta bicolor"
"597","Falco sparverius","Tamias striatus"
"598","Falco sparverius","Troglodytes troglodytes"
"599","Falco sparverius","Turdus migratorius"
"600","Falco sparverius","Tyrannus tyrannus"
"601","Falco sparverius","Zapus hudsonius"
"602","Falco sparverius","Zonotrichia leucophrys"
"603","Haliaeetus leucocephalus","Anas platyrhynchos"
"604","Haliaeetus leucocephalus","Anas rubripes"
"605","Haliaeetus leucocephalus","Ardea herodias"
"606","Haliaeetus leucocephalus","Asio flammeus"
"607","Haliaeetus leucocephalus","Aythya affinis"
"608","Haliaeetus leucocephalus","Aythya collaris"
"609","Haliaeetus leucocephalus","Aythya marila"
"610","Haliaeetus leucocephalus","Bonasa umbellus"
"611","Haliaeetus leucocephalus","Branta canadensis"
"612","Haliaeetus leucocephalus","Branta hutchinsii"
"613","Haliaeetus leucocephalus","Bucephala albeola"
"614","Haliaeetus leucocephalus","Bucephala clangula"
"615","Haliaeetus leucocephalus","Buteo platypterus"
"616","Haliaeetus leucocephalus","Calidris pusilla"
"617","Haliaeetus leucocephalus","Clangula hyemalis"
"618","Haliaeetus leucocephalus","Colaptes auratus"
"619","Haliaeetus leucocephalus","Corvus brachyrhynchos"
"620","Haliaeetus leucocephalus","Erethizon dorsatus"
"621","Haliaeetus leucocephalus","Falco peregrinus"
"622","Haliaeetus leucocephalus","Histrionicus histrionicus"
"623","Haliaeetus leucocephalus","Lagopus lagopus"
"624","Haliaeetus leucocephalus","Larus delawarensis"
"625","Haliaeetus leucocephalus","Larus smithsonianus"
"626","Haliaeetus leucocephalus","Lepus americanus"
"627","Haliaeetus leucocephalus","Lontra canadensis"
"628","Haliaeetus leucocephalus","Melanitta perspicillata"
"629","Haliaeetus leucocephalus","Mephitis mephitis"
"630","Haliaeetus leucocephalus","Mergus merganser"
"631","Haliaeetus leucocephalus","Mergus serrator"
"632","Haliaeetus leucocephalus","Microtus pennsylvanicus"
"633","Haliaeetus leucocephalus","Ondatra zibethicus"
"634","Haliaeetus leucocephalus","Pandion haliaetus"
"635","Haliaeetus leucocephalus","Phalacrocorax auritus"
"636","Haliaeetus leucocephalus","Somateria mollissima"
"637","Haliaeetus leucocephalus","Tamiasciurus hudsonicus"
"638","Haliaeetus leucocephalus","Uria lomvia"
"639","Haliaeetus leucocephalus","Vulpes vulpes"
"640","Homo sapiens","Alces alces"
"641","Homo sapiens","Chen caerulescens"
"642","Homo sapiens","Branta canadensis"
"643","Homo sapiens","Branta hutchinsii"
"644","Homo sapiens","Castor canadensis"
"645","Homo sapiens","Lagopus lagopus"
"646","Homo sapiens","Lagopus muta"
"647","Homo sapiens","Lepus arcticus"
"648","Homo sapiens","Lontra canadensis"
"649","Homo sapiens","Lynx canadensis"
"650","Homo sapiens","Martes americana"
"651","Homo sapiens","Mustela nivalis"
"652","Homo sapiens","Ondatra zibethicus"
"653","Homo sapiens","Ovibos moschatus"
"654","Homo sapiens","Rangifer tarandus"
"655","Homo sapiens","Somateria mollissima"
"656","Homo sapiens","Ursus americanus"
"657","Homo sapiens","Ursus maritimus"
"658","Homo sapiens","Vulpes lagopus"
"659","Homo sapiens","Vulpes vulpes"
"660","Lanius excubitor","Acanthis flammea"
"661","Lanius excubitor","Spinus tristis"
"662","Lanius excubitor","Catharus minimus"
"663","Lanius excubitor","Certhia americana"
"664","Lanius excubitor","Eremophila alpestris"
"665","Lanius excubitor","Microtus pennsylvanicus"
"666","Lanius excubitor","Poecile atricapillus"
"667","Lanius excubitor","Spizelloides arborea"
"668","Larus delawarensis","Microtus pennsylvanicus"
"669","Larus delawarensis","Peromyscus maniculatus"
"670","Larus delawarensis","Sorex arcticus"
"671","Larus delawarensis","Sorex cinereus"
"672","Larus delawarensis","Sorex palustris"
"673","Larus glaucoides","Uria lomvia"
"674","Larus hyperboreus","Chen caerulescens"
"675","Larus hyperboreus","Branta canadensis"
"676","Larus hyperboreus","Branta hutchinsii"
"677","Larus hyperboreus","Calcarius lapponicus"
"678","Larus hyperboreus","Calidris pusilla"
"679","Larus hyperboreus","Acanthis flammea"
"680","Larus hyperboreus","Clangula hyemalis"
"681","Larus hyperboreus","Cygnus columbianus"
"682","Larus hyperboreus","Dicrostonyx hudsonius"
"683","Larus hyperboreus","Gavia pacifica"
"684","Larus hyperboreus","Lagopus lagopus"
"685","Larus hyperboreus","Lagopus muta"
"686","Larus hyperboreus","Microtus pennsylvanicus"
"687","Larus hyperboreus","Ondatra zibethicus"
"688","Larus hyperboreus","Phalaropus fulicarius"
"689","Larus hyperboreus","Phalaropus lobatus"
"690","Larus hyperboreus","Plectrophenax nivalis"
"691","Larus hyperboreus","Somateria mollissima"
"692","Larus hyperboreus","Sorex arcticus"
"693","Larus hyperboreus","Sorex cinereus"
"694","Larus hyperboreus","Sorex palustris"
"695","Larus hyperboreus","Sterna paradisaea"
"696","Larus hyperboreus","Uria lomvia"
"697","Larus smithsonianus","Mergus serrator"
"698","Larus smithsonianus","Microtus pennsylvanicus"
"699","Larus smithsonianus","Passerculus sandwichensis"
"700","Larus smithsonianus","Sterna hirundo"
"701","Larus smithsonianus","Sterna paradisaea"
"702","Larus smithsonianus","Uria lomvia"
"703","Lontra canadensis","Sorex palustris"
"704","Lontra canadensis","Sterna paradisaea"
"705","Lynx canadensis","Bonasa umbellus"
"706","Lynx canadensis","Lepus americanus"
"707","Lynx canadensis","Microtus chrotorrhinus"
"708","Lynx canadensis","Microtus pennsylvanicus"
"709","Lynx canadensis","Peromyscus maniculatus"
"710","Lynx canadensis","Tamiasciurus hudsonicus"
"711","Martes americana","Bucephala clangula"
"712","Martes americana","Glaucomys sabrinus"
"713","Martes americana","Histrionicus histrionicus"
"714","Martes americana","Lepus americanus"
"715","Martes americana","Microtus pennsylvanicus"
"716","Martes americana","Myodes gapperi"
"717","Martes americana","Peromyscus maniculatus"
"718","Martes americana","Phenacomys ungava"
"719","Martes americana","Picoides arcticus"
"720","Martes americana","Sorex arcticus"
"721","Martes americana","Sorex cinereus"
"722","Martes americana","Sorex palustris"
"723","Martes americana","Surnia ulula"
"724","Martes americana","Tamias striatus"
"725","Martes americana","Tamiasciurus hudsonicus"
"726","Martes americana","Troglodytes troglodytes"
"727","Martes americana","Turdus migratorius"
"728","Mephitis mephitis","Anas acuta"
"729","Mephitis mephitis","Anas crecca"
"730","Mephitis mephitis","Asio flammeus"
"731","Mephitis mephitis","Aythya affinis"
"732","Mephitis mephitis","Aythya collaris"
"733","Mephitis mephitis","Bonasa umbellus"
"734","Mephitis mephitis","Setophaga petechia"
"735","Mephitis mephitis","Dolichonyx oryzivorus"
"736","Mephitis mephitis","Eremophila alpestris"
"737","Mephitis mephitis","Gavia immer"
"738","Mephitis mephitis","Larus delawarensis"
"739","Mephitis mephitis","Anas americana"
"740","Mephitis mephitis","Megaceryle alcyon"
"741","Mephitis mephitis","Microtus pennsylvanicus"
"742","Mephitis mephitis","Mus musculus"
"743","Mephitis mephitis","Myotis lucifugus"
"744","Mephitis mephitis","Napaeozapus insignis"
"745","Mephitis mephitis","Passerculus sandwichensis"
"746","Mephitis mephitis","Peromyscus maniculatus"
"747","Mephitis mephitis","Seiurus aurocapilla"
"748","Mephitis mephitis","Synaptomys cooperi"
"749","Mephitis mephitis","Tympanuchus phasianellus"
"750","Mephitis mephitis","Zapus hudsonius"
"751","Mustela erminea","Actitis macularius"
"752","Mustela erminea","Bonasa umbellus"
"753","Mustela erminea","Calcarius lapponicus"
"754","Mustela erminea","Calidris pusilla"
"755","Mustela erminea","Spinus tristis"
"756","Mustela erminea","Condylura cristata"
"757","Mustela erminea","Setophaga palmarum"
"758","Mustela erminea","Dicrostonyx hudsonius"
"759","Mustela erminea","Lagopus lagopus"
"760","Mustela erminea","Lagopus muta"
"761","Mustela erminea","Lepus arcticus"
"762","Mustela erminea","Melospiza lincolnii"
"763","Mustela erminea","Microtus pennsylvanicus"
"764","Mustela erminea","Mus musculus"
"765","Mustela erminea","Mustela nivalis"
"766","Mustela erminea","Myodes gapperi"
"767","Mustela erminea","Ondatra zibethicus"
"768","Mustela erminea","Passerculus sandwichensis"
"769","Mustela erminea","Phalaropus fulicarius"
"770","Mustela erminea","Plectrophenax nivalis"
"771","Mustela erminea","Sorex cinereus"
"772","Mustela erminea","Synaptomys borealis"
"773","Mustela erminea","Tamias striatus"
"774","Mustela erminea","Tamiasciurus hudsonicus"
"775","Mustela erminea","Zapus hudsonius"
"776","Mustela nivalis","Actitis macularius"
"777","Mustela nivalis","Bonasa umbellus"
"778","Mustela nivalis","Calcarius lapponicus"
"779","Mustela nivalis","Condylura cristata"
"780","Mustela nivalis","Dicrostonyx hudsonius"
"781","Mustela nivalis","Lagopus lagopus"
"782","Mustela nivalis","Microtus pennsylvanicus"
"783","Mustela nivalis","Mus musculus"
"784","Mustela nivalis","Myodes gapperi"
"785","Mustela nivalis","Napaeozapus insignis"
"786","Mustela nivalis","Peromyscus maniculatus"
"787","Mustela nivalis","Phenacomys ungava"
"788","Mustela nivalis","Sorex arcticus"
"789","Mustela nivalis","Sorex cinereus"
"790","Mustela nivalis","Sorex palustris"
"791","Mustela nivalis","Sturnus vulgaris"
"792","Mustela nivalis","Synaptomys cooperi"
"793","Mustela nivalis","Tamias striatus"
"794","Mustela nivalis","Tamiasciurus hudsonicus"
"795","Mustela nivalis","Zapus hudsonius"
"796","Mustela vison","Actitis macularius"
"797","Mustela vison","Agelaius phoeniceus"
"798","Mustela vison","Anas acuta"
"799","Mustela vison","Anas platyrhynchos"
"800","Mustela vison","Anas rubripes"
"801","Mustela vison","Aythya affinis"
"802","Mustela vison","Aythya collaris"
"803","Mustela vison","Aythya marila"
"804","Mustela vison","Bucephala clangula"
"805","Mustela vison","Castor canadensis"
"806","Mustela vison","Colaptes auratus"
"807","Mustela vison","Condylura cristata"
"808","Mustela vison","Gavia immer"
"809","Mustela vison","Glaucomys sabrinus"
"810","Mustela vison","Histrionicus histrionicus"
"811","Mustela vison","Larus delawarensis"
"812","Mustela vison","Lepus americanus"
"813","Mustela vison","Lontra canadensis"
"814","Mustela vison","Martes americana"
"815","Mustela vison","Megaceryle alcyon"
"816","Mustela vison","Melanitta nigra"
"817","Mustela vison","Melospiza melodia"
"818","Mustela vison","Mergus serrator"
"819","Mustela vison","Microtus pennsylvanicus"
"820","Mustela vison","Mustela erminea"
"821","Mustela vison","Mustela nivalis"
"822","Mustela vison","Myodes gapperi"
"823","Mustela vison","Napaeozapus insignis"
"824","Mustela vison","Ondatra zibethicus"
"825","Mustela vison","Peromyscus maniculatus"
"826","Mustela vison","Petrochelidon pyrrhonota"
"827","Mustela vison","Phenacomys ungava"
"828","Mustela vison","Sorex arcticus"
"829","Mustela vison","Sorex cinereus"
"830","Mustela vison","Sorex palustris"
"831","Mustela vison","Sterna paradisaea"
"832","Mustela vison","Synaptomys borealis"
"833","Mustela vison","Tamiasciurus hudsonicus"
"834","Mustela vison","Tympanuchus phasianellus"
"835","Mustela vison","Zapus hudsonius"
"836","Perisoreus canadensis","Acanthis flammea"
"837","Perisoreus canadensis","Contopus cooperi"
"838","Perisoreus canadensis","Setophaga magnolia"
"839","Perisoreus canadensis","Setophaga petechia"
"840","Perisoreus canadensis","Loxia curvirostra"
"841","Perisoreus canadensis","Melospiza lincolnii"
"842","Perisoreus canadensis","Poecile atricapillus"
"843","Perisoreus canadensis","Regulus calendula"
"844","Perisoreus canadensis","Setophaga ruticilla"
"845","Perisoreus canadensis","Tringa solitaria"
"846","Peromyscus maniculatus","Actitis macularius"
"847","Peromyscus maniculatus","Anthus rubescens"
"848","Peromyscus maniculatus","Melospiza melodia"
"849","Peromyscus maniculatus","Tachycineta bicolor"
"850","Stercorarius longicaudus","Chen caerulescens"
"851","Stercorarius longicaudus","Branta canadensis"
"852","Stercorarius longicaudus","Branta hutchinsii"
"853","Stercorarius longicaudus","Calcarius lapponicus"
"854","Stercorarius longicaudus","Acanthis flammea"
"855","Stercorarius longicaudus","Clangula hyemalis"
"856","Stercorarius longicaudus","Dicrostonyx hudsonius"
"857","Stercorarius longicaudus","Gavia pacifica"
"858","Stercorarius longicaudus","Lagopus muta"
"859","Stercorarius longicaudus","Larus hyperboreus"
"860","Stercorarius longicaudus","Microtus chrotorrhinus"
"861","Stercorarius longicaudus","Microtus pennsylvanicus"
"862","Stercorarius longicaudus","Myodes gapperi"
"863","Stercorarius longicaudus","Phalaropus fulicarius"
"864","Stercorarius longicaudus","Phenacomys ungava"
"865","Stercorarius longicaudus","Plectrophenax nivalis"
"866","Stercorarius longicaudus","Synaptomys borealis"
"867","Stercorarius longicaudus","Synaptomys cooperi"
"868","Stercorarius parasiticus","Actitis macularius"
"869","Stercorarius parasiticus","Chen caerulescens"
"870","Stercorarius parasiticus","Anthus rubescens"
"871","Stercorarius parasiticus","Aythya marila"
"872","Stercorarius parasiticus","Branta canadensis"
"873","Stercorarius parasiticus","Branta hutchinsii"
"874","Stercorarius parasiticus","Calcarius lapponicus"
"875","Stercorarius parasiticus","Calidris pusilla"
"876","Stercorarius parasiticus","Acanthis flammea"
"877","Stercorarius parasiticus","Clangula hyemalis"
"878","Stercorarius parasiticus","Cygnus columbianus"
"879","Stercorarius parasiticus","Dicrostonyx hudsonius"
"880","Stercorarius parasiticus","Eremophila alpestris"
"881","Stercorarius parasiticus","Gavia pacifica"
"882","Stercorarius parasiticus","Gavia stellata"
"883","Stercorarius parasiticus","Lagopus lagopus"
"884","Stercorarius parasiticus","Lagopus muta"
"885","Stercorarius parasiticus","Larus hyperboreus"
"886","Stercorarius parasiticus","Limnodromus griseus"
"887","Stercorarius parasiticus","Mergus serrator"
"888","Stercorarius parasiticus","Mustela erminea"
"889","Stercorarius parasiticus","Oenanthe oenanthe"
"890","Stercorarius parasiticus","Passerculus sandwichensis"
"891","Stercorarius parasiticus","Phalaropus fulicarius"
"892","Stercorarius parasiticus","Phalaropus lobatus"
"893","Stercorarius parasiticus","Plectrophenax nivalis"
"894","Stercorarius parasiticus","Somateria mollissima"
"895","Stercorarius parasiticus","Sorex arcticus"
"896","Stercorarius parasiticus","Tringa solitaria"
"897","Stercorarius pomarinus","Calcarius lapponicus"
"898","Stercorarius pomarinus","Cygnus columbianus"
"899","Stercorarius pomarinus","Dicrostonyx hudsonius"
"900","Stercorarius pomarinus","Gavia stellata"
"901","Stercorarius pomarinus","Phalaropus fulicarius"
"902","Strix nebulosa","Accipiter striatus"
"903","Strix nebulosa","Buteo platypterus"
"904","Strix nebulosa","Condylura cristata"
"905","Strix nebulosa","Falcipennis canadensis"
"906","Strix nebulosa","Glaucomys sabrinus"
"907","Strix nebulosa","Lepus americanus"
"908","Strix nebulosa","Microtus pennsylvanicus"
"909","Strix nebulosa","Mustela erminea"
"910","Strix nebulosa","Myodes gapperi"
"911","Strix nebulosa","Perisoreus canadensis"
"912","Strix nebulosa","Peromyscus maniculatus"
"913","Strix nebulosa","Sorex arcticus"
"914","Strix nebulosa","Sorex cinereus"
"915","Strix nebulosa","Sorex palustris"
"916","Strix nebulosa","Synaptomys borealis"
"917","Strix nebulosa","Tamiasciurus hudsonicus"
"918","Strix nebulosa","Turdus migratorius"
"919","Strix nebulosa","Zapus hudsonius"
"920","Strix varia","Bonasa umbellus"
"921","Strix varia","Condylura cristata"
"922","Strix varia","Corvus brachyrhynchos"
"923","Strix varia","Falcipennis canadensis"
"924","Strix varia","Glaucomys sabrinus"
"925","Strix varia","Leuconotopicus villosus"
"926","Strix varia","Myodes gapperi"
"927","Strix varia","Ondatra zibethicus"
"928","Strix varia","Peromyscus maniculatus"
"929","Strix varia","Seiurus aurocapilla"
"930","Strix varia","Sorex arcticus"
"931","Strix varia","Sorex cinereus"
"932","Strix varia","Sorex palustris"
"933","Strix varia","Synaptomys cooperi"
"934","Strix varia","Tamiasciurus hudsonicus"
"935","Strix varia","Vireo solitarius"
"936","Surnia ulula","Falcipennis canadensis"
"937","Surnia ulula","Lepus americanus"
"938","Surnia ulula","Lepus arcticus"
"939","Surnia ulula","Microtus chrotorrhinus"
"940","Surnia ulula","Microtus pennsylvanicus"
"941","Surnia ulula","Mustela erminea"
"942","Surnia ulula","Myodes gapperi"
"943","Surnia ulula","Passer domesticus"
"944","Surnia ulula","Phenacomys ungava"
"945","Surnia ulula","Plectrophenax nivalis"
"946","Surnia ulula","Sorex cinereus"
"947","Surnia ulula","Sturnus vulgaris"
"948","Surnia ulula","Synaptomys borealis"
"949","Surnia ulula","Tamiasciurus hudsonicus"
"950","Surnia ulula","Turdus migratorius"
"951","Surnia ulula","Zonotrichia leucophrys"
"952","Tamias striatus","Empidonax minimus"
"953","Tamias striatus","Junco hyemalis"
"954","Tamias striatus","Geothlypis philadelphia"
"955","Tamias striatus","Setophaga ruticilla"
"956","Tamias striatus","Troglodytes troglodytes"
"957","Tamias striatus","Turdus migratorius"
"958","Tamias striatus","Vireo olivaceus"
"959","Tamias striatus","Zonotrichia albicollis"
"960","Tamiasciurus hudsonicus","Bucephala clangula"
"961","Tamiasciurus hudsonicus","Acanthis flammea"
"962","Tamiasciurus hudsonicus","Spinus tristis"
"963","Tamiasciurus hudsonicus","Haemorhous purpureus"
"964","Tamiasciurus hudsonicus","Catharus guttatus"
"965","Tamiasciurus hudsonicus","Certhia americana"
"966","Tamiasciurus hudsonicus","Colaptes auratus"
"967","Tamiasciurus hudsonicus","Setophaga petechia"
"968","Tamiasciurus hudsonicus","Setophaga virens"
"969","Tamiasciurus hudsonicus","Dryobates pubescens"
"970","Tamiasciurus hudsonicus","Empidonax minimus"
"971","Tamiasciurus hudsonicus","Euphagus carolinus"
"972","Tamiasciurus hudsonicus","Falcipennis canadensis"
"973","Tamiasciurus hudsonicus","Leuconotopicus villosus"
"974","Tamiasciurus hudsonicus","Loxia curvirostra"
"975","Tamiasciurus hudsonicus","Melospiza melodia"
"976","Tamiasciurus hudsonicus","Perisoreus canadensis"
"977","Tamiasciurus hudsonicus","Picoides arcticus"
"978","Tamiasciurus hudsonicus","Seiurus aurocapilla"
"979","Tamiasciurus hudsonicus","Setophaga ruticilla"
"980","Tamiasciurus hudsonicus","Sphyrapicus varius"
"981","Tamiasciurus hudsonicus","Troglodytes troglodytes"
"982","Tamiasciurus hudsonicus","Turdus migratorius"
"983","Tamiasciurus hudsonicus","Leiothlypis celata"
"984","Tamiasciurus hudsonicus","Vireo olivaceus"
"985","Tamiasciurus hudsonicus","Zonotrichia albicollis"
"986","Ursus americanus","Alces alces"
"987","Ursus americanus","Chen caerulescens"
"988","Ursus americanus","Aythya affinis"
"989","Ursus americanus","Branta canadensis"
"990","Ursus americanus","Branta hutchinsii"
"991","Ursus americanus","Bucephala albeola"
"992","Ursus americanus","Castor canadensis"
"993","Ursus americanus","Colaptes auratus"
"994","Ursus americanus","Lagopus lagopus"
"995","Ursus americanus","Lagopus muta"
"996","Ursus americanus","Lepus americanus"
"997","Ursus americanus","Lepus arcticus"
"998","Ursus americanus","Microtus pennsylvanicus"
"999","Ursus americanus","Myodes gapperi"
"1000","Ursus americanus","Odocoileus virginianus"
"1001","Ursus americanus","Ovibos moschatus"
"1002","Ursus americanus","Peromyscus maniculatus"
"1003","Ursus americanus","Rangifer tarandus"
"1004","Ursus americanus","Sphyrapicus varius"
"1005","Ursus americanus","Tachycineta bicolor"
"1006","Vulpes lagopus","Anas acuta"
"1007","Vulpes lagopus","Chen caerulescens"
"1008","Vulpes lagopus","Aythya marila"
"1009","Vulpes lagopus","Branta canadensis"
"1010","Vulpes lagopus","Branta hutchinsii"
"1011","Vulpes lagopus","Buteo lagopus"
"1012","Vulpes lagopus","Calcarius lapponicus"
"1013","Vulpes lagopus","Calidris minutilla"
"1014","Vulpes lagopus","Calidris pusilla"
"1015","Vulpes lagopus","Charadrius semipalmatus"
"1016","Vulpes lagopus","Clangula hyemalis"
"1017","Vulpes lagopus","Cygnus columbianus"
"1018","Vulpes lagopus","Setophaga petechia"
"1019","Vulpes lagopus","Dicrostonyx hudsonius"
"1020","Vulpes lagopus","Gavia pacifica"
"1021","Vulpes lagopus","Gavia stellata"
"1022","Vulpes lagopus","Histrionicus histrionicus"
"1023","Vulpes lagopus","Lagopus lagopus"
"1024","Vulpes lagopus","Lagopus muta"
"1025","Vulpes lagopus","Larus glaucoides"
"1026","Vulpes lagopus","Larus hyperboreus"
"1027","Vulpes lagopus","Lepus arcticus"
"1028","Vulpes lagopus","Microtus pennsylvanicus"
"1029","Vulpes lagopus","Myodes gapperi"
"1030","Vulpes lagopus","Phalaropus fulicarius"
"1031","Vulpes lagopus","Phalaropus lobatus"
"1032","Vulpes lagopus","Plectrophenax nivalis"
"1033","Vulpes lagopus","Somateria mollissima"
"1034","Vulpes lagopus","Stercorarius pomarinus"
"1035","Vulpes lagopus","Sterna paradisaea"
"1036","Vulpes lagopus","Uria lomvia"
"1037","Vulpes vulpes","Anas acuta"
"1038","Vulpes vulpes","Anas crecca"
"1039","Vulpes vulpes","Anas platyrhynchos"
"1040","Vulpes vulpes","Anas rubripes"
"1041","Vulpes vulpes","Chen caerulescens"
"1042","Vulpes vulpes","Anthus rubescens"
"1043","Vulpes vulpes","Asio flammeus"
"1044","Vulpes vulpes","Aythya affinis"
"1045","Vulpes vulpes","Aythya collaris"
"1046","Vulpes vulpes","Aythya marila"
"1047","Vulpes vulpes","Bonasa umbellus"
"1048","Vulpes vulpes","Branta canadensis"
"1049","Vulpes vulpes","Branta hutchinsii"
"1050","Vulpes vulpes","Calidris minutilla"
"1051","Vulpes vulpes","Calidris pusilla"
"1052","Vulpes vulpes","Charadrius semipalmatus"
"1053","Vulpes vulpes","Charadrius vociferus"
"1054","Vulpes vulpes","Clangula hyemalis"
"1055","Vulpes vulpes","Condylura cristata"
"1056","Vulpes vulpes","Cygnus columbianus"
"1057","Vulpes vulpes","Setophaga petechia"
"1058","Vulpes vulpes","Dicrostonyx hudsonius"
"1059","Vulpes vulpes","Erethizon dorsatus"
"1060","Vulpes vulpes","Falcipennis canadensis"
"1061","Vulpes vulpes","Gavia pacifica"
"1062","Vulpes vulpes","Gavia stellata"
"1063","Vulpes vulpes","Glaucomys sabrinus"
"1064","Vulpes vulpes","Histrionicus histrionicus"
"1065","Vulpes vulpes","Lagopus lagopus"
"1066","Vulpes vulpes","Lagopus muta"
"1067","Vulpes vulpes","Lanius excubitor"
"1068","Vulpes vulpes","Larus delawarensis"
"1069","Vulpes vulpes","Larus hyperboreus"
"1070","Vulpes vulpes","Lepus americanus"
"1071","Vulpes vulpes","Lepus arcticus"
"1072","Vulpes vulpes","Anas americana"
"1073","Vulpes vulpes","Marmota monax"
"1074","Vulpes vulpes","Melospiza melodia"
"1075","Vulpes vulpes","Mephitis mephitis"
"1076","Vulpes vulpes","Mergus serrator"
"1077","Vulpes vulpes","Microtus pennsylvanicus"
"1078","Vulpes vulpes","Mus musculus"
"1079","Vulpes vulpes","Mustela nivalis"
"1080","Vulpes vulpes","Myodes gapperi"
"1081","Vulpes vulpes","Napaeozapus insignis"
"1082","Vulpes vulpes","Mustela vison"
"1083","Vulpes vulpes","Ondatra zibethicus"
"1084","Vulpes vulpes","Passerculus sandwichensis"
"1085","Vulpes vulpes","Peromyscus maniculatus"
"1086","Vulpes vulpes","Phalacrocorax auritus"
"1087","Vulpes vulpes","Phalaropus fulicarius"
"1088","Vulpes vulpes","Phalaropus lobatus"
"1089","Vulpes vulpes","Somateria mollissima"
"1090","Vulpes vulpes","Sorex arcticus"
"1091","Vulpes vulpes","Sorex cinereus"
"1092","Vulpes vulpes","Sorex palustris"
"1093","Vulpes vulpes","Sterna paradisaea"
"1094","Vulpes vulpes","Synaptomys cooperi"
"1095","Vulpes vulpes","Tamiasciurus hudsonicus"
"1096","Vulpes vulpes","Tympanuchus phasianellus"
"1097","Vulpes vulpes","Uria lomvia"
"1098","Vulpes vulpes","Zapus hudsonius"
